id,sex,region,school,PhD,average grades,english,child,experience,alcohol,height,salary_train
0,f,Moscow,other,0,3.5,advanced,1,6,173,173,1152216
1,m,Moscow,2,1,4.76,advanced,0,4,87,170,1010287
2,m,Krasnodar region,NaN,0,4.22,intermediate,1,6,71,181,1090723
3,m,Moscow,other,0,3.34,beginner,1,7,254,169,
4,m,Bashkortostan,NaN,0,4.31,intermediate,0,4,215,189,878325
5,m,Moscow region,NaN,0,3.85,intermediate,2,7,113,165,1365288
6,m,other,NaN,0,4.43,upper-intermediate,0,7,277,171,1166347
7,m,Moscow,1543,0,4.81,upper-intermediate,0,7,177,165,958887
8,f,Moscow,1543,0,4.45,intermediate,2,6,0,165,1134644
9,m,Tatarstan,NaN,0,4.23,upper-intermediate,0,5,67,169,
10,m,Moscow,57,0,4.61,beginner,0,6,192,169,613264
11,m,Moscow,57,0,4.33,intermediate,0,5,222,172,799202
12,m,Moscow,other,0,3.68,intermediate,0,5,752,181,851347
13,m,Moscow,2,0,4.29,beginner,0,6,160,191,727614
14,m,Moscow region,NaN,0,4.73,intermediate,0,6,100,173,1114503
15,m,other,NaN,0,3.36,advanced,0,8,260,182,1328505
16,m,other,NaN,0,4.15,pre-intermediate,0,6,94,178,1048436
17,m,Moscow,57,0,4.34,advanced,0,7,81,195,1009358
18,m,other,NaN,0,4.27,upper-intermediate,0,7,253,185,
19,m,Tatarstan,NaN,0,4.74,pre-intermediate,3,6,99,170,1640528
20,m,other,NaN,0,4.78,upper-intermediate,0,5,140,189,1056184
21,m,Moscow region,NaN,0,4.49,intermediate,0,6,187,177,
22,m,other,NaN,1,4.58,pre-intermediate,0,1,220,180,984805
23,f,Moscow region,NaN,0,4.13,pre-intermediate,2,7,54,165,
24,m,other,NaN,0,4.25,advanced,0,6,104,166,1189066
25,m,Moscow,other,1,4.06,upper-intermediate,0,5,148,171,924550
26,m,Moscow,2,0,4.41,intermediate,3,4,27,174,1141887
27,m,Moscow,444,0,4.3,upper-intermediate,1,7,62,193,1137275
28,f,other,NaN,0,4.45,upper-intermediate,0,6,226,161,886543
29,m,other,NaN,1,4.93,upper-intermediate,0,3,119,179,1030052
30,m,Tatarstan,NaN,0,4.12,pre-intermediate,0,7,91,170,1200997
31,m,Moscow,444,0,4.28,intermediate,0,6,394,169,935839
32,m,Moscow region,NaN,0,4.87,intermediate,2,8,99,181,
33,m,Tatarstan,NaN,0,4.61,upper-intermediate,1,7,63,186,
34,m,Moscow,other,0,4.32,intermediate,0,5,62,181,1106334
35,m,Moscow,1189,1,4.98,upper-intermediate,0,2,48,166,834890
36,m,Moscow,1543,0,3.43,intermediate,0,6,896,170,
37,m,other,NaN,0,4.65,advanced,0,8,153,173,1433586
38,f,Moscow region,NaN,0,4.41,upper-intermediate,1,8,148,156,1823159
39,m,Moscow,other,0,3.89,pre-intermediate,2,6,306,186,1145130
40,f,Moscow region,NaN,1,4.72,intermediate,0,3,94,171,1188315
41,m,Moscow,2,0,4.97,intermediate,1,6,28,167,1039000
42,m,Moscow,other,0,4.43,intermediate,2,5,10,177,
43,m,Moscow,444,0,3.66,pre-intermediate,0,6,685,174,910956
44,m,Moscow region,NaN,1,4.66,intermediate,1,4,60,184,1171711
45,f,Moscow region,NaN,0,4.18,upper-intermediate,0,6,335,170,
46,m,Moscow,1189,0,3.9,pre-intermediate,0,6,5,175,918308
47,m,Moscow region,NaN,0,4.16,intermediate,0,7,34,193,
48,m,Moscow,444,1,4.68,intermediate,0,4,196,179,
49,f,Moscow,other,0,4.67,intermediate,0,6,115,160,928124
50,m,Moscow,2,0,3.64,intermediate,1,8,451,184,1691436
51,m,Moscow region,NaN,1,4.91,pre-intermediate,1,4,43,180,1168448
52,f,other,NaN,0,4.03,pre-intermediate,0,7,82,174,964952
53,m,other,NaN,1,4.75,upper-intermediate,1,3,23,188,
54,m,Moscow region,NaN,1,4.62,beginner,2,2,29,193,1008576
55,m,Moscow,2,0,3.82,upper-intermediate,0,8,772,166,1033133
56,m,other,NaN,0,4.18,advanced,0,6,72,181,1162746
57,m,other,NaN,1,4.91,advanced,0,2,104,172,1127390
58,m,other,NaN,0,4.51,upper-intermediate,1,5,46,198,1157920
59,f,N.Novgorod region,NaN,0,4.47,upper-intermediate,1,5,21,180,947924
60,m,Moscow,57,1,4.25,advanced,0,3,260,171,
61,m,Moscow region,NaN,1,4.79,intermediate,0,4,62,193,1024404
62,f,Ekaterinburg region,NaN,0,4.19,intermediate,1,6,50,165,998934
63,m,Moscow region,NaN,1,4.98,upper-intermediate,0,4,87,187,1048898
64,m,other,NaN,0,3.8,beginner,0,5,922,184,
65,m,Moscow region,NaN,0,4.65,intermediate,2,5,22,168,
66,m,other,NaN,1,4.63,advanced,1,6,10,177,
67,m,Moscow,1543,1,4.85,upper-intermediate,0,2,207,177,845834
68,m,Bashkortostan,NaN,0,4.8,intermediate,3,6,8,186,1399941
69,m,Moscow,other,1,4.75,pre-intermediate,2,1,35,185,1036616
70,m,Moscow,other,1,4.27,upper-intermediate,0,3,69,171,879739
71,m,Moscow region,NaN,1,4.93,pre-intermediate,0,4,107,186,1039809
72,m,Krasnodar region,NaN,0,4.7,upper-intermediate,1,8,56,189,
73,m,Yaroslavl region,NaN,0,3.61,beginner,0,6,784,193,849381
74,m,Krasnodar region,NaN,0,4.31,upper-intermediate,1,6,28,176,
75,m,Moscow,other,0,4.75,beginner,3,7,27,185,
76,m,Moscow,57,0,4.68,pre-intermediate,1,6,41,176,977728
77,m,Moscow region,NaN,0,4.28,intermediate,1,6,11,169,1351601
78,m,Moscow region,NaN,1,4.95,intermediate,1,2,13,185,1093864
79,m,other,NaN,0,4.35,upper-intermediate,0,5,68,170,1038706
80,f,Moscow region,NaN,0,4.36,advanced,0,6,183,167,1016028
81,m,Moscow,2,0,4.26,intermediate,1,5,100,170,
82,m,Moscow,444,0,3.59,intermediate,0,7,839,183,921138
83,m,Moscow region,NaN,0,4.47,pre-intermediate,0,6,107,161,1148360
84,m,Moscow,57,1,4.67,beginner,0,2,115,168,
85,m,Moscow region,NaN,1,4.84,pre-intermediate,1,2,14,177,1108064
86,f,Moscow,1543,0,3.86,intermediate,1,6,406,185,1239984
87,f,Moscow,57,1,4.54,upper-intermediate,0,2,144,169,721911
88,m,Moscow,other,0,4.49,intermediate,1,5,11,174,959845
89,m,Tatarstan,NaN,0,4.68,upper-intermediate,1,5,32,179,
90,m,Tatarstan,NaN,1,4.26,advanced,0,4,90,164,1195123
91,f,Moscow,444,0,4.36,intermediate,1,6,12,146,
92,m,Bashkortostan,NaN,0,4.12,intermediate,0,8,55,177,1214945
93,m,Moscow region,NaN,0,3.97,intermediate,0,8,45,182,2443291
94,m,Moscow,1543,0,3.43,pre-intermediate,1,6,372,168,1045013
95,m,other,NaN,0,4.81,pre-intermediate,0,8,108,183,
96,m,Bashkortostan,NaN,0,3.66,pre-intermediate,2,7,375,184,
97,m,Ekaterinburg region,NaN,1,4.95,upper-intermediate,0,3,224,181,1061504
98,f,Chuvashiya,NaN,0,4.22,advanced,0,7,27,169,1040148
99,m,Moscow,1534,1,4.32,upper-intermediate,0,1,37,173,837773
100,f,Moscow,1534,0,4.05,intermediate,0,8,156,148,1104876
101,f,Moscow,2,0,3.9,intermediate,1,7,21,179,1163278
102,m,Tatarstan,NaN,0,4.19,beginner,0,5,63,156,
103,m,Moscow,other,0,3.25,advanced,0,8,790,180,1124557
104,m,Moscow region,NaN,0,4.48,pre-intermediate,0,6,118,174,1098892
105,f,Moscow region,NaN,0,4.52,pre-intermediate,3,6,61,176,7383761
106,m,Moscow,other,1,4.82,beginner,1,2,105,183,1054674
107,m,other,NaN,0,4.15,intermediate,0,8,3,165,1207628
108,m,other,NaN,0,4.09,intermediate,0,7,31,176,1326762
109,m,Moscow,other,0,4.29,upper-intermediate,1,6,14,198,
110,f,Moscow,other,0,3.57,upper-intermediate,2,8,724,171,1234596
111,m,Tatarstan,NaN,0,4.09,upper-intermediate,0,6,86,179,1091206
112,m,Tatarstan,NaN,1,4.48,intermediate,0,3,256,175,
113,m,other,NaN,0,3.68,intermediate,0,5,278,168,
114,m,N.Novgorod region,NaN,0,3.96,upper-intermediate,1,6,4,194,
115,m,Moscow,other,0,4.74,intermediate,0,6,227,167,
116,m,Moscow,other,1,4.95,upper-intermediate,0,2,132,169,822478
117,m,other,NaN,0,3.68,intermediate,0,6,888,167,1034554
118,m,Moscow,2,1,4.75,upper-intermediate,0,3,38,191,868702
119,f,Moscow region,NaN,0,4.58,advanced,0,7,158,160,933359
120,f,Moscow,1189,0,4.01,beginner,2,7,31,168,1121144
121,m,Yaroslavl region,NaN,1,4.28,upper-intermediate,0,3,230,181,1021988
122,m,Moscow,444,1,4.95,upper-intermediate,1,1,50,171,939269
123,f,other,NaN,0,3.92,beginner,0,6,90,173,
124,m,Moscow region,NaN,0,3.94,upper-intermediate,0,7,126,179,1157930
125,m,Moscow,2,0,4.52,advanced,1,7,33,181,1223641
126,m,Moscow,other,0,4.79,upper-intermediate,1,5,224,181,1015628
127,f,Moscow,other,0,4.49,upper-intermediate,0,6,192,180,
128,m,Tatarstan,NaN,0,4.93,advanced,0,6,36,176,
129,f,Moscow region,NaN,0,3.88,intermediate,0,6,491,161,4127665
130,m,Yaroslavl region,NaN,1,4.86,intermediate,0,1,390,167,964006
131,m,other,NaN,1,4.23,upper-intermediate,0,4,81,199,1227229
132,m,Moscow,2,0,4.37,pre-intermediate,0,7,302,189,1004000
133,m,Moscow,other,0,4.3,intermediate,1,8,31,182,1131412
134,m,Moscow,1534,0,4.55,intermediate,0,7,94,182,971014
135,m,Moscow,2,0,3.31,beginner,0,5,593,183,546926
136,m,Moscow region,NaN,0,4.5,intermediate,0,5,178,171,
137,m,Moscow,57,1,4.71,intermediate,1,4,56,181,971915
138,m,Bashkortostan,NaN,1,4.28,upper-intermediate,1,1,46,176,1080068
139,f,Moscow,57,0,4.86,pre-intermediate,0,7,152,173,
140,f,Moscow,2,0,4.39,pre-intermediate,2,6,13,165,1133027
141,m,other,NaN,1,4.65,intermediate,1,4,9,170,1256617
142,f,Moscow,other,0,4.76,pre-intermediate,0,7,68,160,1021172
143,m,Moscow,2,0,4.31,intermediate,0,5,261,184,848787
144,m,Chuvashiya,NaN,1,4.95,intermediate,1,1,70,168,1029788
145,m,other,NaN,1,4.94,upper-intermediate,0,4,134,187,1070812
146,m,Moscow region,NaN,0,3.93,upper-intermediate,0,5,255,179,1023005
147,f,other,NaN,0,4.51,advanced,0,5,94,167,970845
148,m,Tatarstan,NaN,0,4.2,upper-intermediate,0,6,242,173,1221698
149,m,Moscow,other,0,3.98,upper-intermediate,0,5,281,174,927065
150,m,Moscow region,NaN,0,3.81,pre-intermediate,0,8,573,182,
151,f,Ekaterinburg region,NaN,0,4.43,intermediate,0,5,136,159,898358
152,m,Moscow,other,0,3.67,intermediate,1,6,276,181,1050189
153,m,Moscow,57,0,3.96,advanced,0,8,162,181,1028636
154,f,Moscow,2,0,4.81,beginner,2,5,15,180,1013485
155,m,Moscow region,NaN,0,4.69,beginner,0,6,246,162,885473
156,m,Moscow region,NaN,0,4.59,pre-intermediate,1,6,7,179,1582185
157,m,Moscow,1189,1,4.98,advanced,1,3,44,181,1053136
158,f,Moscow region,NaN,0,3.75,intermediate,1,7,114,169,
159,f,Moscow,57,0,4.26,upper-intermediate,1,5,9,157,
160,m,Yaroslavl region,NaN,0,4.45,upper-intermediate,0,7,64,170,1158424
161,m,Moscow,other,0,4.18,intermediate,0,6,123,171,
162,f,other,NaN,0,3.66,upper-intermediate,1,6,596,174,958144
163,f,Moscow region,NaN,0,4.44,intermediate,0,6,209,168,
164,m,Moscow,1543,0,3.72,upper-intermediate,0,7,319,171,1009647
165,m,other,NaN,0,3.92,upper-intermediate,0,5,88,192,1042723
166,m,Moscow,other,0,4.19,upper-intermediate,0,7,55,182,904062
167,f,Moscow region,NaN,0,4.43,upper-intermediate,1,6,32,169,1014896
168,m,Moscow,other,0,3.94,pre-intermediate,0,7,127,180,1029969
169,m,Moscow,57,0,4.69,beginner,0,6,83,187,807181
170,m,Moscow,57,1,4.99,beginner,0,3,83,186,
171,m,Novosibirsk region,NaN,1,4.55,intermediate,1,4,99,190,1166558
172,m,other,NaN,0,4.13,upper-intermediate,0,7,246,175,1161003
173,m,Moscow region,NaN,0,4.22,advanced,0,5,55,177,1159517
174,f,Moscow,other,0,4.41,upper-intermediate,1,7,77,166,1099977
175,m,Bashkortostan,NaN,0,3.37,pre-intermediate,1,7,410,162,1253897
176,f,other,NaN,0,4.63,pre-intermediate,1,6,15,172,
177,f,Moscow,other,0,3.92,intermediate,0,7,226,166,1023766
178,m,Moscow,2,0,4.3,intermediate,0,6,221,174,993992
179,m,Moscow,other,1,4.73,advanced,0,3,253,185,
180,m,Moscow region,NaN,1,4.62,upper-intermediate,0,4,194,176,1059050
181,m,Moscow,1534,0,4.61,upper-intermediate,1,7,19,192,1108226
182,f,Moscow,other,0,3.5,advanced,0,5,670,161,957081
183,m,other,NaN,0,3.99,upper-intermediate,0,8,77,182,1195875
184,m,Moscow region,NaN,0,4.61,upper-intermediate,1,6,52,179,1104880
185,m,other,NaN,0,3.99,upper-intermediate,0,8,56,186,
186,m,Krasnodar region,NaN,1,4.63,upper-intermediate,1,2,47,180,
187,m,Moscow region,NaN,0,3.99,beginner,0,6,13,183,878751
188,m,Moscow,other,0,4.43,upper-intermediate,1,6,3,185,1041967
189,m,Moscow,other,0,4.23,intermediate,0,6,95,167,949103
190,m,Moscow,2,0,3.88,upper-intermediate,1,6,508,187,
191,m,other,NaN,0,4.13,pre-intermediate,0,8,76,189,1247972
192,m,Moscow,2,0,3.47,pre-intermediate,1,6,29,192,
193,m,Moscow,other,0,4.33,beginner,0,7,192,171,773407
194,m,Tatarstan,NaN,0,4.3,intermediate,0,7,99,177,
195,m,Chuvashiya,NaN,0,4.44,upper-intermediate,0,5,372,184,1047916
196,m,N.Novgorod region,NaN,0,3.71,intermediate,0,7,332,182,1445183
197,m,Moscow region,NaN,0,4.6,advanced,0,7,107,187,1240433
198,m,other,NaN,0,3.59,intermediate,1,6,643,181,1025000
199,m,Moscow region,NaN,1,4.92,intermediate,0,4,181,183,1076751
200,m,Moscow,57,0,4.25,beginner,1,6,20,189,722891
201,m,Moscow region,NaN,0,4.38,upper-intermediate,0,8,19,186,1225264
202,m,other,NaN,1,4.84,intermediate,0,4,136,176,1049479
203,m,Krasnodar region,NaN,1,4.98,advanced,0,2,122,187,1106656
204,m,other,NaN,1,4.99,advanced,2,3,11,179,1313621
205,f,other,NaN,0,4.08,intermediate,1,7,100,170,953092
206,m,Moscow,other,0,4.49,advanced,0,7,232,177,
207,m,other,NaN,0,4.47,advanced,0,7,221,162,1237662
208,m,other,NaN,1,4.43,beginner,1,3,13,190,938053
209,m,Moscow,57,0,4.78,intermediate,1,5,31,179,891216
210,f,Moscow region,NaN,0,4.75,advanced,0,5,216,166,957934
211,f,Yaroslavl region,NaN,0,4.41,pre-intermediate,1,8,51,161,
212,f,Moscow,1543,0,3.99,intermediate,1,5,12,153,1001845
213,f,Tatarstan,NaN,0,4.18,upper-intermediate,0,7,117,163,1034910
214,f,Moscow,other,0,4.27,intermediate,1,5,111,163,998669
215,f,Moscow region,NaN,0,4.31,intermediate,0,5,176,169,1156454
216,f,Yaroslavl region,NaN,0,4.15,intermediate,1,6,11,164,972832
217,m,other,NaN,1,4.41,pre-intermediate,0,1,152,182,1226744
218,m,Moscow,1534,1,4.02,intermediate,0,5,227,183,
219,f,Moscow region,NaN,0,4.46,upper-intermediate,0,4,50,178,1052815
220,m,other,NaN,0,3.9,pre-intermediate,0,7,306,180,1123058
221,m,other,NaN,0,3.69,upper-intermediate,3,7,39,186,1463931
222,m,Moscow region,NaN,1,4.8,upper-intermediate,1,1,4,167,
223,m,Moscow,57,0,4.55,advanced,2,7,16,190,
224,m,Moscow region,NaN,0,4.15,pre-intermediate,0,7,284,169,1155475
225,m,Moscow,57,0,4,intermediate,1,7,41,175,
226,m,other,NaN,0,3.71,upper-intermediate,1,6,165,187,1199566
227,m,Moscow,57,0,4.96,beginner,0,5,64,175,
228,m,other,NaN,0,4.25,intermediate,1,6,55,181,1195012
229,m,Tatarstan,NaN,0,4.29,beginner,1,7,82,181,1393444
230,m,Moscow region,NaN,1,4.79,pre-intermediate,0,5,231,175,
231,m,Moscow,444,0,3.85,advanced,1,7,753,177,1128402
232,m,other,NaN,1,3.75,advanced,0,6,602,173,1182483
233,m,Moscow region,NaN,0,4.7,upper-intermediate,0,5,119,188,959121
234,m,Moscow region,NaN,1,4.89,beginner,3,3,55,176,1105295
235,m,Tatarstan,NaN,0,3.96,upper-intermediate,0,7,308,186,1148083
236,f,other,NaN,0,3.95,intermediate,0,7,53,151,2139182
237,f,Moscow region,NaN,0,3.68,upper-intermediate,1,8,453,179,
238,f,Moscow region,NaN,0,3.88,upper-intermediate,1,7,77,167,1083676
239,m,Moscow,other,0,4.15,intermediate,0,8,172,179,1312934
240,f,Moscow,other,0,3.51,beginner,1,7,535,147,
241,m,N.Novgorod region,NaN,0,4.5,upper-intermediate,0,6,66,180,1426850
242,m,other,NaN,0,3.51,upper-intermediate,0,7,677,187,
243,m,other,NaN,1,4.82,intermediate,0,2,160,169,1014781
244,m,other,NaN,1,4.89,intermediate,0,2,92,158,999474
245,m,Moscow region,NaN,0,4.13,pre-intermediate,1,5,39,178,1154167
246,m,Moscow,1534,0,4.55,advanced,0,5,235,183,1000683
247,m,other,NaN,0,4.35,upper-intermediate,0,6,197,178,1099897
248,m,other,NaN,0,3.62,advanced,0,6,493,184,1197829
249,m,Moscow region,NaN,0,3.55,intermediate,0,7,736,182,1088557
250,f,Moscow,2,0,4.18,upper-intermediate,0,5,96,164,877857
251,m,Ekaterinburg region,NaN,0,4.87,beginner,1,6,86,168,1007094
252,m,Chuvashiya,NaN,0,4.17,intermediate,1,5,2,176,1116795
253,m,Moscow,other,0,3.52,upper-intermediate,0,6,394,177,
254,m,Moscow,other,0,4.32,beginner,0,5,279,176,561406
255,f,Moscow,1543,0,4.81,beginner,0,7,173,168,814047
256,m,Moscow,1543,1,4.59,upper-intermediate,0,1,136,177,
257,m,other,NaN,1,4.64,upper-intermediate,2,2,12,183,
258,f,other,NaN,0,4,pre-intermediate,3,6,22,162,1183836
259,m,other,NaN,1,4.86,pre-intermediate,0,3,17,187,991414
260,m,Moscow,other,0,4.72,upper-intermediate,0,7,195,182,1206398
261,f,Moscow region,NaN,0,4.36,intermediate,1,6,27,155,1334452
262,m,N.Novgorod region,NaN,0,3.99,pre-intermediate,0,6,136,181,
263,m,Moscow region,NaN,0,4.4,upper-intermediate,1,5,17,180,
264,m,Moscow,57,0,4.63,advanced,1,5,54,181,1029102
265,m,Moscow,other,1,4.48,advanced,1,3,14,177,1087747
266,f,Moscow,444,0,3.92,pre-intermediate,0,7,202,167,992646
267,f,other,NaN,1,4.34,intermediate,3,2,124,165,1075629
268,m,Moscow region,NaN,1,4.95,upper-intermediate,0,3,182,194,1073609
269,m,other,NaN,0,4.8,pre-intermediate,1,7,2,197,1245383
270,m,Moscow,2,0,3.43,pre-intermediate,0,6,281,163,933152
271,m,Moscow,1534,0,4.41,advanced,0,7,137,176,1108605
272,f,other,NaN,0,3.98,intermediate,0,7,330,170,947020
273,f,Moscow,other,1,4.27,upper-intermediate,1,2,74,149,905106
274,m,Moscow,1534,0,4.72,upper-intermediate,1,6,47,193,1051595
275,f,Moscow,1534,0,3.3,upper-intermediate,2,7,234,168,1217563
276,m,Moscow,other,0,3.94,pre-intermediate,2,6,17,177,1151229
277,m,Moscow,other,0,4.04,intermediate,1,5,39,173,
278,m,other,NaN,1,4.2,pre-intermediate,0,1,397,185,913021
279,m,Ekaterinburg region,NaN,0,4.68,intermediate,1,7,11,170,1269916
280,f,Novosibirsk region,NaN,0,4.23,intermediate,1,8,14,166,
281,m,Moscow region,NaN,1,4.98,intermediate,1,1,158,167,1115157
282,m,Moscow region,NaN,0,3.54,upper-intermediate,0,6,284,185,1110046
283,m,Moscow,other,0,3.95,intermediate,0,7,28,187,993717
284,m,Moscow,other,0,4.31,beginner,0,5,292,179,
285,m,Bashkortostan,NaN,0,4.83,intermediate,1,7,93,175,1258633
286,m,Moscow,other,0,4.31,advanced,0,6,66,178,1096160
287,m,Moscow,444,0,4.6,intermediate,1,7,21,177,1072334
288,m,other,NaN,1,4.26,upper-intermediate,1,2,7,176,
289,m,Moscow,other,1,4.96,intermediate,1,1,4,173,913075
290,m,N.Novgorod region,NaN,0,4.61,pre-intermediate,2,5,46,188,1261829
291,f,Moscow,other,0,4.23,intermediate,0,7,158,167,1021437
292,f,Moscow,1543,0,4.37,upper-intermediate,3,5,3,164,1172620
293,m,Krasnodar region,NaN,0,3.74,upper-intermediate,2,6,307,175,1597999
294,m,Moscow,2,0,4.69,intermediate,0,7,69,176,
295,m,Moscow region,NaN,1,4.77,pre-intermediate,1,2,55,185,1066109
296,m,Bashkortostan,NaN,1,4.41,upper-intermediate,0,1,229,188,946415
297,m,other,NaN,0,4.45,advanced,0,7,302,157,1231110
298,m,Moscow,444,0,4.6,upper-intermediate,1,5,67,188,
299,f,Moscow,57,0,4.85,beginner,0,6,248,172,
300,m,Moscow region,NaN,0,4.16,pre-intermediate,0,7,83,176,
301,f,other,NaN,0,4.04,intermediate,1,5,65,170,
302,m,Bashkortostan,NaN,0,4.28,intermediate,0,6,87,183,1104475
303,m,Chuvashiya,NaN,0,4.68,pre-intermediate,0,7,304,167,1141565
304,m,Ekaterinburg region,NaN,0,3.67,intermediate,0,7,497,163,
305,f,Moscow region,NaN,0,4.67,intermediate,0,5,297,163,
306,m,Moscow,444,1,4.79,intermediate,0,1,39,166,
307,m,Tatarstan,NaN,0,3.91,beginner,0,5,285,163,874276
308,m,Moscow region,NaN,0,3.61,upper-intermediate,0,5,793,175,1201650
309,m,Moscow,57,1,4.31,pre-intermediate,1,2,34,174,842172
310,m,Moscow,other,0,4.53,intermediate,0,6,85,180,929564
311,m,Moscow,other,0,4.6,upper-intermediate,1,6,15,178,
312,f,Moscow,1543,1,4.75,intermediate,1,3,21,178,943860
313,m,Moscow region,NaN,0,4.35,upper-intermediate,0,6,101,182,1115373
314,m,other,NaN,1,4.55,advanced,1,2,105,177,1189838
315,m,Moscow,57,1,4.94,advanced,1,3,15,174,970281
316,m,Moscow region,NaN,0,3.37,upper-intermediate,1,8,222,174,1316057
317,m,Krasnodar region,NaN,0,4.73,upper-intermediate,0,6,190,177,1097179
318,m,Moscow,444,1,4.48,upper-intermediate,1,3,16,170,989824
319,m,Moscow region,NaN,0,4.47,upper-intermediate,0,4,60,183,1017493
320,m,Yaroslavl region,NaN,0,4.07,intermediate,0,7,191,175,1151568
321,m,other,NaN,0,4.33,pre-intermediate,0,7,305,176,1150278
322,m,other,NaN,0,4.21,upper-intermediate,1,7,36,168,1268448
323,m,Moscow region,NaN,0,4.25,upper-intermediate,0,7,87,184,1127315
324,f,Moscow,57,0,3.86,intermediate,0,7,811,180,858725
325,f,Moscow,other,1,4.99,intermediate,0,3,14,182,868263
326,m,Moscow,57,0,3.65,pre-intermediate,0,5,914,172,730838
327,m,other,NaN,1,4.48,intermediate,0,3,200,177,1017158
328,m,Moscow region,NaN,0,3.69,pre-intermediate,0,7,535,187,
329,f,Moscow,other,0,3.86,intermediate,0,6,508,170,858419
330,m,Bashkortostan,NaN,0,4.52,upper-intermediate,0,5,196,181,1069541
331,m,Moscow,57,1,5,pre-intermediate,1,4,13,187,958795
332,m,Moscow region,NaN,1,4.09,upper-intermediate,0,5,119,188,1138300
333,m,Moscow region,NaN,0,4.56,advanced,0,6,207,185,1212457
334,m,N.Novgorod region,NaN,0,3.69,upper-intermediate,0,8,767,189,1182937
335,f,Moscow,1534,0,4.43,intermediate,0,6,235,164,931140
336,m,other,NaN,0,4.88,advanced,0,5,10,172,1130365
337,m,Novosibirsk region,NaN,0,4.62,pre-intermediate,1,5,26,176,
338,m,other,NaN,1,4.95,intermediate,1,4,25,168,1255544
339,m,Moscow region,NaN,1,4.64,pre-intermediate,0,4,82,186,
340,m,other,NaN,1,4.87,beginner,0,4,103,180,910281
341,m,Moscow,57,0,4.52,beginner,0,6,37,183,629395
342,m,Yaroslavl region,NaN,1,4.74,pre-intermediate,1,4,58,172,1134209
343,m,Moscow,1189,0,3.33,intermediate,3,5,882,179,1143916
344,m,other,NaN,0,4.35,intermediate,1,7,16,179,
345,f,Krasnodar region,NaN,1,4.75,upper-intermediate,0,4,157,159,892964
346,m,Moscow,57,0,4.5,intermediate,0,6,23,171,854571
347,m,other,NaN,1,4.36,pre-intermediate,1,2,77,180,1114876
348,f,Moscow region,NaN,0,4.45,beginner,1,7,67,156,
349,m,Bashkortostan,NaN,0,4.62,upper-intermediate,1,6,162,188,1201537
350,m,Moscow region,NaN,0,3.44,upper-intermediate,0,7,698,177,1128862
351,m,Moscow region,NaN,1,4.88,intermediate,0,2,109,186,1002720
352,m,other,NaN,1,4.93,intermediate,0,3,52,168,1002581
353,m,Moscow region,NaN,0,4.49,upper-intermediate,0,8,154,175,
354,f,Tatarstan,NaN,0,4.4,beginner,3,6,1,154,1010114
355,m,Moscow region,NaN,0,4.43,advanced,1,5,34,168,
356,m,Moscow,1534,1,4,intermediate,0,5,53,179,929826
357,f,Krasnodar region,NaN,0,4.43,advanced,2,8,46,153,1329203
358,m,Moscow,other,1,3.94,pre-intermediate,1,8,137,186,1211680
359,f,Moscow,other,0,4,pre-intermediate,1,8,82,183,1147237
360,m,Moscow region,NaN,1,3.88,upper-intermediate,0,6,614,182,1083182
361,m,Moscow region,NaN,0,3.81,advanced,1,5,107,173,1237302
362,m,Moscow,other,0,4.09,intermediate,0,8,198,168,1093271
363,m,other,NaN,1,4.85,intermediate,0,2,182,170,1002217
364,m,Moscow,2,0,4.21,upper-intermediate,0,7,36,167,
365,m,Tatarstan,NaN,0,4.8,intermediate,1,6,32,178,1207426
366,m,Moscow region,NaN,0,4.52,upper-intermediate,3,6,37,172,
367,m,Moscow,57,0,4.77,advanced,0,4,219,169,879747
368,f,Moscow region,NaN,0,4.49,beginner,0,6,71,160,
369,f,Moscow,1543,0,4.04,intermediate,1,5,13,172,1003893
370,m,other,NaN,1,4.77,upper-intermediate,0,1,193,182,972738
371,m,Moscow region,NaN,0,4.53,pre-intermediate,0,6,126,180,1095695
372,m,Moscow region,NaN,0,4.7,beginner,0,5,103,184,871882
373,f,Tatarstan,NaN,0,4.49,intermediate,0,6,184,163,897026
374,m,Tatarstan,NaN,0,4.78,upper-intermediate,1,6,1,165,1102018
375,f,other,NaN,0,4.79,intermediate,0,6,129,167,908770
376,m,Bashkortostan,NaN,0,4.8,intermediate,0,8,109,159,1236151
377,m,Tatarstan,NaN,0,4.18,upper-intermediate,0,7,106,189,1177076
378,m,other,NaN,0,4.52,beginner,0,6,250,172,916706
379,m,Moscow,444,0,4.41,advanced,0,5,36,164,992518
380,m,other,NaN,0,4.48,intermediate,0,7,217,185,1513692
381,m,other,NaN,1,4.49,upper-intermediate,0,6,215,166,1103969
382,m,Moscow region,NaN,1,4.57,pre-intermediate,0,2,180,170,984819
383,f,Yaroslavl region,NaN,0,3.83,advanced,1,6,537,170,1054011
384,m,Moscow region,NaN,1,4.8,intermediate,3,3,79,172,1339611
385,m,Moscow,1534,0,4.4,beginner,0,6,168,167,722933
386,m,Moscow,2,0,4.62,beginner,1,7,76,153,
387,m,Moscow,444,0,3.56,beginner,1,6,483,188,851679
388,f,Moscow,1189,0,4.11,upper-intermediate,2,6,54,163,1151142
389,f,Tatarstan,NaN,1,4.62,upper-intermediate,0,5,114,159,912569
390,m,Moscow,57,0,4.27,intermediate,3,7,4,194,
391,m,Moscow region,NaN,0,4.64,pre-intermediate,0,6,397,181,1082155
392,m,Krasnodar region,NaN,0,3.82,intermediate,0,8,487,175,
393,f,other,NaN,0,4.07,upper-intermediate,0,6,315,154,905912
394,f,Moscow,other,0,4.48,upper-intermediate,1,5,30,152,1008289
395,m,Moscow region,NaN,0,3.74,beginner,0,8,487,179,1031818
396,m,other,NaN,0,4.65,upper-intermediate,0,7,147,171,1191559
397,m,other,NaN,0,4.2,pre-intermediate,0,5,164,170,1038286
398,m,Moscow,other,0,3.92,intermediate,0,7,179,168,1022163
399,m,Moscow,54,0,3.05,beginner,0,7,880,179,739626
400,m,Moscow region,NaN,0,4.37,intermediate,0,6,28,191,1091793
401,m,other,NaN,0,3.99,intermediate,1,8,88,167,
402,m,Yaroslavl region,NaN,1,4.85,beginner,0,1,122,176,757776
403,m,Moscow region,NaN,0,4.44,intermediate,1,7,9,178,
404,m,other,NaN,0,4.13,upper-intermediate,0,6,111,182,
405,m,Moscow,other,1,4.7,intermediate,0,2,76,172,809968
406,m,Moscow region,NaN,0,4.58,upper-intermediate,1,4,27,185,1145683
407,m,other,NaN,1,4.85,intermediate,1,1,55,169,1144682
408,f,Moscow,other,0,3.86,intermediate,0,5,920,165,784369
409,f,Moscow,other,0,4.34,advanced,0,6,213,172,953608
410,m,Moscow,2,0,3.43,intermediate,0,8,340,185,
411,f,Yaroslavl region,NaN,0,3.92,pre-intermediate,2,8,7,170,
412,m,Moscow,2,0,4.36,upper-intermediate,0,6,182,173,
413,f,Moscow region,NaN,0,4.07,intermediate,1,8,114,168,1082664
414,m,Moscow,other,0,3.25,intermediate,0,7,751,187,949249
415,m,Krasnodar region,NaN,1,4.57,upper-intermediate,0,3,278,176,
416,m,Moscow region,NaN,1,4.92,intermediate,2,4,10,185,1244228
417,m,Moscow,1543,0,4.28,intermediate,1,5,16,187,
418,m,Moscow,1543,0,3.82,intermediate,0,8,691,178,1349595
419,m,other,NaN,0,3.65,advanced,1,7,561,166,1325106
420,m,Moscow,1543,1,4.36,intermediate,1,3,42,184,981709
421,m,Moscow region,NaN,0,4.38,intermediate,0,7,121,182,1163337
422,m,Moscow region,NaN,0,3.9,pre-intermediate,1,7,21,176,1668058
423,m,Moscow,other,0,3.75,upper-intermediate,0,6,736,183,901409
424,m,other,NaN,1,4.48,upper-intermediate,0,3,55,188,1014298
425,m,N.Novgorod region,NaN,1,4.96,upper-intermediate,0,3,219,183,1026463
426,m,Moscow region,NaN,1,4.95,upper-intermediate,2,2,29,177,1211797
427,m,other,NaN,1,4.56,intermediate,1,1,44,174,1030200
428,m,other,NaN,0,3.77,intermediate,1,8,303,169,1344736
429,f,Moscow,other,0,4.43,intermediate,1,6,45,173,
430,m,Moscow region,NaN,1,4.92,beginner,4,3,34,182,1217820
431,f,Moscow,1543,0,4.5,beginner,1,7,8,178,903719
432,m,Moscow,2,0,4.61,intermediate,1,8,24,173,1168849
433,m,Moscow region,NaN,0,3.92,intermediate,0,6,77,183,1120954
434,m,Moscow region,NaN,0,4.62,intermediate,1,8,42,164,2847709
435,m,other,NaN,0,4.02,beginner,0,7,285,178,
436,m,Moscow,1534,0,3.72,pre-intermediate,0,6,780,178,931161
437,m,Krasnodar region,NaN,0,4.44,upper-intermediate,0,5,165,185,
438,m,Moscow region,NaN,0,4.48,advanced,0,6,315,178,1184777
439,m,Moscow region,NaN,0,3.37,beginner,1,7,127,184,
440,f,other,NaN,0,4.73,intermediate,1,8,36,154,
441,m,Moscow,2,0,3.83,advanced,0,5,375,192,987084
442,m,Moscow,57,0,3.69,pre-intermediate,1,5,417,185,904037
443,m,N.Novgorod region,NaN,1,4.95,upper-intermediate,2,4,53,181,1274271
444,m,Yaroslavl region,NaN,0,4.32,upper-intermediate,1,5,43,180,1029758
445,m,Bashkortostan,NaN,0,3.69,upper-intermediate,0,7,705,189,1129960
446,m,Tatarstan,NaN,1,4.88,intermediate,0,3,92,181,1011697
447,m,other,NaN,0,4.16,pre-intermediate,0,7,169,156,1277305
448,f,Moscow,other,0,4.13,upper-intermediate,1,6,99,165,1035227
449,m,Moscow region,NaN,0,4.8,upper-intermediate,0,7,167,161,1169800
450,m,Moscow,1189,0,3.95,intermediate,0,6,121,187,969816
451,m,Moscow,other,0,4.23,upper-intermediate,1,6,46,179,1040683
452,m,Moscow region,NaN,0,4.4,intermediate,0,5,155,176,1057390
453,m,other,NaN,0,4.41,intermediate,0,6,304,179,1109170
454,f,Moscow,other,1,4.8,intermediate,1,3,39,169,912457
455,m,other,NaN,0,4.73,upper-intermediate,0,5,158,184,1027175
456,m,Moscow,other,1,4.83,pre-intermediate,1,4,4,168,984258
457,m,Moscow region,NaN,0,4.56,upper-intermediate,1,6,4,179,
458,m,Moscow,54,0,4.12,upper-intermediate,0,8,123,177,
459,m,Moscow,other,0,3.58,upper-intermediate,1,7,140,186,1124632
460,m,Moscow,other,0,4.4,intermediate,0,5,286,181,
461,m,Tatarstan,NaN,1,4.97,advanced,2,2,6,180,1308441
462,m,Moscow,1543,0,3.83,intermediate,1,6,360,172,1036512
463,f,other,NaN,0,4.29,upper-intermediate,1,7,26,172,
464,m,Moscow,other,1,4.86,upper-intermediate,1,3,17,178,
465,m,other,NaN,0,4.47,upper-intermediate,0,6,72,173,1091628
466,m,Moscow,54,0,3.68,intermediate,0,6,753,173,905061
467,m,Moscow region,NaN,1,4.63,intermediate,1,4,139,187,1159876
468,m,Novosibirsk region,NaN,0,3.64,beginner,1,7,366,172,
469,m,Moscow region,NaN,1,4.61,upper-intermediate,0,4,40,186,1013601
470,m,Novosibirsk region,NaN,0,4.35,intermediate,0,7,230,186,1122770
471,f,Yaroslavl region,NaN,0,4.36,advanced,1,6,8,161,1071627
472,m,Moscow region,NaN,1,4.69,intermediate,0,3,206,171,
473,f,Moscow,other,0,4.78,upper-intermediate,0,7,75,164,
474,m,other,NaN,0,4.28,intermediate,0,7,27,179,1246589
475,m,Chuvashiya,NaN,1,4.79,upper-intermediate,0,3,256,186,1042811
476,m,Moscow region,NaN,0,4.12,intermediate,0,7,39,180,
477,m,Novosibirsk region,NaN,1,4.19,beginner,0,4,231,173,
478,m,Moscow region,NaN,0,4.46,intermediate,0,5,94,185,
479,m,Yaroslavl region,NaN,1,4.69,upper-intermediate,0,5,230,172,1115469
480,m,other,NaN,0,4.74,pre-intermediate,0,7,86,188,1163209
481,m,Moscow,other,0,4.09,advanced,0,6,101,192,1040448
482,m,Bashkortostan,NaN,0,4.52,intermediate,0,5,223,182,
483,f,Yaroslavl region,NaN,0,3.87,advanced,0,8,882,170,1450672
484,m,Moscow,1543,0,3.57,intermediate,0,8,459,170,1118138
485,m,Moscow,444,1,4.92,pre-intermediate,1,1,17,175,909461
486,m,Moscow,other,0,4.49,intermediate,2,6,13,191,1135868
487,f,other,NaN,0,3.68,beginner,0,5,836,163,602286
488,m,Moscow region,NaN,0,4.03,upper-intermediate,0,8,69,173,
489,m,other,NaN,1,4.77,beginner,2,4,47,179,1063853
490,m,Moscow,other,0,3.96,upper-intermediate,0,6,90,182,
491,m,Moscow region,NaN,1,4.67,advanced,0,2,65,180,1149553
492,m,Moscow,1543,0,3.98,pre-intermediate,0,7,86,178,1032397
493,m,Moscow region,NaN,0,4.42,intermediate,1,6,3,186,1204060
494,m,Moscow,57,1,4.56,intermediate,1,2,21,180,
495,m,Moscow,2,0,4.55,beginner,0,7,39,184,807881
496,m,other,NaN,1,4.91,advanced,1,5,131,178,
497,m,Moscow region,NaN,1,4.85,intermediate,1,3,16,169,1125118
498,m,Moscow,other,0,4.41,pre-intermediate,0,7,272,172,1006329
499,f,Moscow region,NaN,0,3.89,intermediate,1,6,221,167,1671745
500,m,Novosibirsk region,NaN,1,4.72,intermediate,0,5,255,178,1084799
501,m,Krasnodar region,NaN,1,4.69,upper-intermediate,1,4,64,180,1142034
502,m,Moscow,2,1,4.92,pre-intermediate,1,5,22,181,1010491
503,f,Moscow region,NaN,0,4.18,upper-intermediate,2,6,8,166,1140664
504,m,Moscow region,NaN,1,4.85,intermediate,0,3,240,169,1023018
505,f,Moscow region,NaN,0,4.19,upper-intermediate,0,6,349,162,
506,m,Moscow,other,0,4.21,upper-intermediate,0,5,112,173,909957
507,m,Novosibirsk region,NaN,0,4.39,advanced,0,7,85,173,1268293
508,m,Bashkortostan,NaN,0,3.87,intermediate,0,8,590,172,1173519
509,f,Yaroslavl region,NaN,0,3.91,advanced,0,6,111,179,1153527
510,m,Moscow,1534,0,3.6,upper-intermediate,0,6,658,180,903711
511,m,other,NaN,0,3.97,pre-intermediate,0,5,173,189,964051
512,m,other,NaN,0,3.84,intermediate,0,6,750,177,
513,f,Moscow region,NaN,0,4.41,intermediate,0,6,101,177,882477
514,m,Moscow,2,0,4.68,upper-intermediate,0,7,160,178,
515,f,Moscow,57,0,4.39,upper-intermediate,2,7,38,149,1087236
516,f,Moscow,other,0,4.6,pre-intermediate,0,7,87,158,934144
517,m,Moscow,57,1,3.77,upper-intermediate,0,6,917,176,906139
518,m,Moscow,57,0,3.91,upper-intermediate,0,6,299,168,885439
519,m,other,NaN,0,3.74,upper-intermediate,0,6,834,187,964062
520,m,Moscow region,NaN,0,4.5,intermediate,0,6,78,177,1111142
521,m,Yaroslavl region,NaN,0,3.89,advanced,0,7,746,178,1303858
522,m,Moscow region,NaN,0,4.26,beginner,0,6,157,183,
523,m,Moscow region,NaN,0,4.19,intermediate,0,7,172,175,
524,m,Moscow,57,1,4.85,pre-intermediate,0,3,167,172,766965
525,m,other,NaN,0,3.68,advanced,2,7,451,175,
526,m,Moscow region,NaN,1,4.99,upper-intermediate,0,2,61,179,1000146
527,m,Moscow,2,0,4.56,pre-intermediate,0,5,196,190,873371
528,f,Moscow,2,0,4.66,upper-intermediate,0,6,104,164,941719
529,m,other,NaN,0,4.25,advanced,0,5,90,178,1123995
530,f,Moscow,other,0,3.99,advanced,0,7,227,158,999217
531,f,Moscow,other,0,4.16,upper-intermediate,1,6,18,165,1052321
532,m,Moscow region,NaN,0,4.55,upper-intermediate,0,6,351,182,1114453
533,m,other,NaN,1,4.98,intermediate,0,4,105,171,1073863
534,f,Moscow region,NaN,1,4.8,pre-intermediate,0,3,144,146,820144
535,m,Moscow region,NaN,1,4.75,pre-intermediate,0,3,140,182,
536,m,N.Novgorod region,NaN,1,4.8,intermediate,1,1,11,177,1072865
537,m,Novosibirsk region,NaN,0,3.94,upper-intermediate,0,7,162,186,1138266
538,m,Moscow region,NaN,0,4.35,intermediate,0,6,100,180,1110371
539,f,Tatarstan,NaN,0,4.62,upper-intermediate,0,5,109,173,6288195
540,m,Moscow,2,0,3.52,advanced,0,7,776,186,1054504
541,f,other,NaN,1,4.87,intermediate,1,3,130,167,
542,m,Moscow region,NaN,0,4.12,upper-intermediate,1,8,46,176,1331221
543,m,other,NaN,0,4.15,advanced,1,5,98,169,1220065
544,m,other,NaN,0,4.77,pre-intermediate,0,6,248,172,1093933
545,m,other,NaN,1,4.95,intermediate,0,2,132,168,1027676
546,m,Moscow region,NaN,1,4.88,upper-intermediate,4,3,7,173,1421432
547,m,Moscow region,NaN,0,3.8,intermediate,1,8,163,178,1378241
548,m,other,NaN,1,4.66,pre-intermediate,0,4,107,176,2467563
549,f,Moscow,other,0,4.19,beginner,0,8,96,180,882914
550,m,Moscow,2,0,4.07,intermediate,0,7,63,165,
551,m,other,NaN,0,4.24,pre-intermediate,0,6,76,187,
552,f,Moscow,2,1,4.82,advanced,0,2,234,157,
553,m,Moscow,1543,0,3.91,pre-intermediate,1,6,63,186,
554,m,Moscow region,NaN,0,4.76,pre-intermediate,0,5,154,161,1069745
555,m,N.Novgorod region,NaN,0,4.49,advanced,0,6,147,170,1211198
556,f,Moscow,other,0,4.37,beginner,1,8,82,155,1030101
557,m,Moscow region,NaN,0,4.64,upper-intermediate,0,4,117,184,1003564
558,m,Moscow,1534,1,4.87,intermediate,0,4,106,192,908322
559,m,Moscow region,NaN,0,3.96,advanced,0,7,32,192,
560,m,Moscow,1534,0,4.14,beginner,0,5,58,174,
561,f,other,NaN,1,4.41,pre-intermediate,0,4,309,169,880831
562,m,other,NaN,1,4.98,intermediate,2,1,12,189,
563,m,Moscow,57,0,3.83,beginner,1,8,491,180,
564,m,other,NaN,0,4.3,beginner,0,6,159,171,867321
565,m,Moscow region,NaN,1,4.26,beginner,0,4,168,197,
566,m,Tatarstan,NaN,0,4.71,advanced,1,6,34,169,
567,f,Bashkortostan,NaN,0,4.47,pre-intermediate,1,6,86,152,975132
568,m,Tatarstan,NaN,1,4.1,upper-intermediate,0,6,65,183,1346878
569,m,Moscow,other,0,4.42,pre-intermediate,0,7,131,182,1009380
570,f,other,NaN,0,4.82,intermediate,0,6,237,158,900063
571,f,Moscow region,NaN,0,3.77,intermediate,1,7,424,166,1039517
572,m,Moscow,2,1,4.93,intermediate,0,2,76,170,1186629
573,m,other,NaN,0,4.48,intermediate,0,7,171,173,1159125
574,f,N.Novgorod region,NaN,0,4.01,upper-intermediate,1,6,89,172,1029502
575,m,Moscow,other,0,4.79,intermediate,0,5,176,172,956770
576,m,Moscow region,NaN,0,3.98,intermediate,0,5,86,178,1002397
577,m,Bashkortostan,NaN,0,4.83,intermediate,1,8,1,192,1348103
578,m,Moscow region,NaN,0,4.37,pre-intermediate,0,6,278,180,
579,m,Moscow,444,0,3.77,beginner,0,6,287,186,769184
580,m,other,NaN,0,3.55,intermediate,0,5,824,175,999612
581,m,Moscow,57,0,3.92,intermediate,0,6,23,184,855686
582,m,Moscow region,NaN,1,4.93,advanced,1,4,36,184,
583,f,Moscow region,NaN,0,3.64,advanced,1,7,232,159,1197225
584,m,Moscow,57,0,4.82,pre-intermediate,1,5,13,164,
585,m,other,NaN,1,4.75,upper-intermediate,1,5,75,180,
586,f,Tatarstan,NaN,0,4.11,upper-intermediate,0,8,42,165,1016380
587,m,Moscow,other,0,4.06,upper-intermediate,1,8,12,171,
588,f,Moscow region,NaN,0,4.51,upper-intermediate,0,6,36,162,913440
589,m,other,NaN,0,3.65,advanced,0,7,654,187,1191789
590,m,Yaroslavl region,NaN,1,3.82,intermediate,1,6,406,175,
591,m,N.Novgorod region,NaN,0,4.13,pre-intermediate,2,6,16,174,1300779
592,m,Moscow region,NaN,1,4.22,intermediate,0,4,76,185,955224
593,m,Moscow,57,0,4.62,intermediate,0,6,165,179,
594,m,other,NaN,0,4.85,intermediate,3,6,15,189,1389392
595,m,Bashkortostan,NaN,0,3.94,advanced,0,6,234,177,
596,m,Moscow region,NaN,1,4.89,advanced,1,3,8,175,1236725
597,m,N.Novgorod region,NaN,0,4.25,pre-intermediate,2,4,92,165,1192653
598,m,Moscow,other,0,4.74,intermediate,1,7,28,178,
599,f,other,NaN,0,4.4,pre-intermediate,4,6,25,169,1269448
600,f,Moscow,other,0,3.46,intermediate,1,7,258,179,1110327
601,f,Moscow,2,0,4.16,beginner,0,5,34,155,662123
602,f,Moscow,2,0,3.44,pre-intermediate,3,6,430,161,4776593
603,m,Moscow,2,0,3.86,intermediate,0,8,729,193,1027831
604,m,Moscow region,NaN,0,4.73,pre-intermediate,0,8,135,174,1230354
605,m,Moscow,1543,1,4.92,intermediate,0,2,103,170,900061
606,m,Moscow region,NaN,0,4.78,beginner,1,7,130,192,
607,m,other,NaN,1,4.71,beginner,1,2,30,172,
608,m,Tatarstan,NaN,0,4.28,pre-intermediate,0,6,95,186,1098321
609,m,other,NaN,1,4.5,intermediate,0,1,236,174,953876
610,m,Moscow,57,0,4.5,upper-intermediate,0,7,123,193,918742
611,m,Tatarstan,NaN,1,4.9,upper-intermediate,0,3,116,172,1064350
612,m,Moscow region,NaN,1,4.82,advanced,1,4,89,184,1280061
613,m,Moscow,other,0,3.7,upper-intermediate,1,8,444,171,1208112
614,m,Moscow,444,0,4.27,advanced,2,6,25,180,1243823
615,m,other,NaN,0,3.61,pre-intermediate,0,6,908,190,1028913
616,f,other,NaN,1,4.71,pre-intermediate,0,2,186,169,808423
617,m,N.Novgorod region,NaN,0,4.68,upper-intermediate,0,7,96,175,1166758
618,f,other,NaN,0,4.37,upper-intermediate,0,6,148,169,1032752
619,f,Moscow,2,0,3.8,upper-intermediate,2,7,553,154,1065297
620,f,other,NaN,0,4.15,intermediate,0,5,38,163,
621,m,Moscow,1189,1,4.57,upper-intermediate,1,1,7,178,833006
622,m,other,NaN,0,4.16,beginner,1,6,49,187,991833
623,m,Moscow,other,0,4.33,upper-intermediate,0,5,111,183,
624,m,Krasnodar region,NaN,0,4.33,upper-intermediate,1,7,40,163,1252938
625,m,other,NaN,0,4.68,intermediate,0,7,128,176,1150822
626,m,other,NaN,0,4.12,advanced,0,6,303,174,
627,m,Moscow,1543,0,3.97,advanced,0,7,190,191,
628,f,Moscow,1543,0,4.69,intermediate,0,6,67,166,938516
629,m,Moscow,444,0,3.84,beginner,0,5,694,173,
630,m,Moscow region,NaN,0,4.71,beginner,3,5,25,175,1120986
631,m,other,NaN,0,4.81,upper-intermediate,1,6,47,187,1198323
632,m,Moscow,444,0,4.57,upper-intermediate,1,8,13,180,1173657
633,m,other,NaN,0,3.48,intermediate,0,6,587,170,1035667
634,f,Novosibirsk region,NaN,0,4.71,upper-intermediate,1,5,11,180,965523
635,m,Moscow region,NaN,0,4.27,advanced,0,6,123,191,1213233
636,m,Ekaterinburg region,NaN,0,4.29,upper-intermediate,2,7,22,173,1285450
637,m,Moscow,57,0,4.39,intermediate,0,8,193,176,
638,m,Moscow,1534,0,4.13,advanced,0,7,145,171,1113098
639,m,Moscow,57,0,4.07,beginner,0,7,97,171,
640,f,Moscow region,NaN,1,4.82,intermediate,1,6,11,165,
641,m,other,NaN,0,3.74,advanced,0,7,729,186,1205048
642,m,Moscow,1543,0,4.07,pre-intermediate,0,8,132,184,1081805
643,m,N.Novgorod region,NaN,1,4.85,intermediate,1,4,91,177,1161256
644,m,Tatarstan,NaN,1,3.88,pre-intermediate,1,6,140,171,1260123
645,m,Moscow,444,1,4.34,advanced,0,4,163,168,1015931
646,m,Moscow,57,0,4.87,intermediate,1,7,59,167,996953
647,m,Moscow region,NaN,0,4.72,beginner,1,8,37,177,1118726
648,m,Moscow,1543,0,3.66,pre-intermediate,0,6,818,175,946614
649,m,Moscow,other,0,4.68,pre-intermediate,0,4,324,189,887049
650,m,Moscow region,NaN,0,4.09,upper-intermediate,1,5,63,171,1156288
651,f,Krasnodar region,NaN,0,3.5,pre-intermediate,1,7,180,144,1071399
652,m,Moscow,other,0,3.9,pre-intermediate,0,6,192,185,
653,m,Moscow,other,0,3.8,beginner,0,6,627,190,693295
654,m,Moscow,57,0,4.92,intermediate,1,7,133,174,971034
655,f,Moscow region,NaN,0,3.72,pre-intermediate,0,6,535,163,
656,f,Moscow,other,0,4.44,pre-intermediate,0,7,328,165,1048308
657,f,Moscow,2,0,3.83,intermediate,0,7,728,175,
658,f,Moscow region,NaN,0,4.07,beginner,0,7,132,170,986205
659,m,Yaroslavl region,NaN,0,4.3,upper-intermediate,0,4,32,171,1025001
660,m,Moscow region,NaN,0,4.04,advanced,0,8,134,176,
661,m,Moscow,other,0,4.23,upper-intermediate,0,5,166,169,
662,f,Moscow,other,1,4.37,intermediate,0,2,100,156,847327
663,f,Ekaterinburg region,NaN,0,4.38,advanced,1,5,35,173,1058054
664,m,other,NaN,0,4.75,upper-intermediate,1,6,86,192,1204258
665,m,Moscow,other,1,4.76,upper-intermediate,1,2,15,169,946495
666,f,other,NaN,0,4.47,beginner,0,6,165,167,695157
667,m,Moscow,other,0,4.61,advanced,0,6,52,185,
668,m,Moscow region,NaN,0,4.25,intermediate,0,5,88,176,
669,f,Krasnodar region,NaN,0,4.81,pre-intermediate,0,7,286,171,920290
670,m,Krasnodar region,NaN,0,3.32,intermediate,0,5,819,193,986422
671,f,Moscow,other,0,4.55,upper-intermediate,0,7,58,180,1237452
672,m,other,NaN,1,4.48,advanced,0,3,208,158,1120546
673,m,Moscow region,NaN,1,4.41,upper-intermediate,0,5,94,169,1101533
674,m,Moscow,2,0,4.46,intermediate,0,7,47,178,1003500
675,f,Moscow region,NaN,0,4.7,pre-intermediate,0,7,101,164,951470
676,m,Moscow,2,0,4.76,intermediate,0,6,61,176,935583
677,m,Moscow,2,0,4.09,intermediate,0,7,161,173,996801
678,m,Moscow,2,0,4.87,upper-intermediate,0,7,233,173,983627
679,m,other,NaN,1,3.88,pre-intermediate,0,7,692,169,1158192
680,f,Moscow,1189,0,4.17,pre-intermediate,1,7,20,157,1098908
681,m,Moscow,2,1,4.98,upper-intermediate,1,5,31,174,1030079
682,f,Moscow,2,0,4.07,upper-intermediate,1,6,30,155,1035853
683,m,Moscow,1543,1,4.5,advanced,0,4,146,177,1001645
684,m,Moscow region,NaN,1,4.64,intermediate,0,3,44,159,
685,m,Moscow region,NaN,0,4.16,upper-intermediate,2,5,25,183,1237642
686,m,Moscow,2,0,4.45,upper-intermediate,0,6,79,167,
687,m,Moscow,other,0,3.58,pre-intermediate,0,6,695,177,893575
688,m,other,NaN,1,4.86,advanced,0,3,94,182,1161688
689,m,Moscow region,NaN,0,4.71,pre-intermediate,1,5,28,184,
690,m,Moscow,444,1,4.55,upper-intermediate,0,2,99,180,859314
691,m,Moscow region,NaN,0,4.27,intermediate,0,5,70,169,1042463
692,m,Moscow,2,0,3.77,upper-intermediate,0,7,489,176,1045427
693,m,Moscow region,NaN,0,3.56,intermediate,0,6,394,177,1106687
694,m,Moscow,2,0,4.81,upper-intermediate,0,7,16,167,995565
695,m,Moscow region,NaN,0,4.46,intermediate,0,5,72,172,986549
696,f,Krasnodar region,NaN,0,4.56,intermediate,0,6,223,156,
697,m,Moscow,57,0,3.45,intermediate,0,7,790,181,1115060
698,m,Moscow region,NaN,0,4.37,upper-intermediate,0,4,182,173,957348
699,m,Moscow region,NaN,0,4.43,intermediate,0,5,293,167,991911
700,m,other,NaN,0,4.17,intermediate,0,7,181,185,1151264
701,f,other,NaN,0,3.43,intermediate,0,7,643,155,923728
702,f,Moscow,other,0,4.84,intermediate,2,6,5,181,
703,m,Moscow,other,1,4.94,intermediate,0,2,225,182,832215
704,m,Moscow region,NaN,0,4.44,upper-intermediate,1,5,154,176,1154697
705,m,Moscow,444,0,4.46,upper-intermediate,0,5,105,173,899954
706,m,Bashkortostan,NaN,0,3.88,pre-intermediate,0,7,959,181,1085591
707,m,other,NaN,1,4.2,intermediate,1,2,27,172,1082254
708,m,Yaroslavl region,NaN,1,4.97,intermediate,0,4,348,188,1003724
709,f,Moscow region,NaN,0,4.57,intermediate,1,5,10,165,
710,f,Moscow region,NaN,0,4.22,upper-intermediate,2,6,21,148,1080565
711,m,N.Novgorod region,NaN,1,4.93,pre-intermediate,0,2,245,187,
712,m,Moscow,2,0,4.01,upper-intermediate,0,7,60,175,1024909
713,m,Moscow,57,0,3.9,pre-intermediate,0,8,131,158,
714,f,Moscow,other,0,4.84,intermediate,0,6,131,169,964514
715,f,Moscow,57,0,4.83,intermediate,0,7,48,174,903273
716,m,Moscow region,NaN,1,4.9,intermediate,0,1,110,163,
717,f,Moscow region,NaN,0,4.73,intermediate,0,7,181,163,964400
718,m,Moscow,1534,0,4.33,upper-intermediate,0,6,109,173,926922
719,f,other,NaN,0,3.93,intermediate,0,7,100,177,951806
720,m,Moscow region,NaN,0,3.6,intermediate,0,6,821,192,1045164
721,m,Moscow,other,0,4.85,pre-intermediate,1,6,36,171,1013737
722,m,Novosibirsk region,NaN,0,4.12,beginner,1,7,131,185,1064334
723,m,other,NaN,1,4.98,upper-intermediate,0,3,326,178,1002503
724,m,Moscow region,NaN,0,4.56,beginner,0,6,82,186,878072
725,f,other,NaN,1,4.8,intermediate,0,3,148,160,836688
726,m,Tatarstan,NaN,1,4.35,intermediate,0,5,239,163,
727,m,other,NaN,0,3.52,intermediate,0,6,625,172,1028358
728,f,Moscow,1534,0,4.58,advanced,0,5,74,176,1042494
729,m,Moscow,other,0,4.02,pre-intermediate,0,7,114,169,1030079
730,m,Tatarstan,NaN,0,3.68,beginner,2,7,336,186,1161378
731,m,Moscow,57,0,3.99,upper-intermediate,0,7,144,182,908546
732,m,other,NaN,1,4.96,upper-intermediate,0,1,148,176,
733,m,other,NaN,1,4.92,intermediate,0,1,237,177,1000322
734,m,Moscow,57,0,3.8,intermediate,0,7,773,175,740108
735,m,Moscow region,NaN,0,3.7,pre-intermediate,0,7,724,187,1085988
736,f,Bashkortostan,NaN,0,3.47,intermediate,1,7,392,172,
737,m,Moscow,57,0,4.7,intermediate,1,6,21,172,
738,m,Moscow,other,0,3.62,intermediate,0,6,957,171,875040
739,f,Moscow,other,0,4.07,intermediate,3,6,30,170,
740,m,Moscow region,NaN,0,3.69,intermediate,0,7,736,186,
741,m,Moscow,1543,0,4.01,intermediate,0,6,76,170,951829
742,m,other,NaN,0,3.24,advanced,0,7,801,167,1213273
743,m,Moscow,2,0,4.18,intermediate,1,8,44,169,
744,m,Moscow region,NaN,1,4.78,upper-intermediate,0,5,123,163,1124846
745,m,Moscow,57,0,4.64,intermediate,0,6,173,163,915986
746,m,Moscow,other,0,3.73,pre-intermediate,0,6,605,177,
747,f,Moscow,other,0,4.38,pre-intermediate,1,7,40,161,1111508
748,m,Moscow,2,1,4.85,advanced,2,2,1,174,
749,m,other,NaN,0,3.79,intermediate,0,7,437,182,1150448
750,m,Yaroslavl region,NaN,0,4.22,upper-intermediate,0,4,47,178,1020494
751,m,other,NaN,0,3.88,pre-intermediate,0,7,237,208,
752,m,Moscow,1543,0,4.1,upper-intermediate,1,8,79,177,
753,m,Moscow,1543,0,4.85,upper-intermediate,0,5,194,175,
754,m,Moscow region,NaN,0,3.79,intermediate,0,7,915,179,1127004
755,m,Moscow region,NaN,0,4.02,upper-intermediate,0,6,151,165,
756,m,Moscow,other,0,4.19,intermediate,1,6,11,185,1043327
757,m,Moscow,other,0,3.96,advanced,0,7,71,180,
758,m,other,NaN,0,4.08,intermediate,0,8,85,170,1235213
759,m,Moscow region,NaN,1,4.12,intermediate,0,6,160,177,1130617
760,m,Moscow,other,1,4.7,beginner,1,4,10,183,808441
761,f,Moscow region,NaN,0,4.04,upper-intermediate,1,5,120,162,930542
762,m,Moscow region,NaN,1,4.95,upper-intermediate,2,3,20,178,1227912
763,m,Moscow,other,1,4.94,pre-intermediate,0,2,129,173,827372
764,f,Moscow region,NaN,0,4.09,upper-intermediate,0,6,171,149,888803
765,m,Moscow,other,0,4.63,pre-intermediate,1,6,24,169,1050547
766,m,Moscow,other,0,4.31,intermediate,0,7,90,168,965919
767,m,Moscow region,NaN,0,3.59,intermediate,1,7,634,179,1196160
768,m,Moscow region,NaN,0,4.15,intermediate,0,7,119,174,1077119
769,f,Moscow,57,0,4.16,intermediate,0,7,115,177,916973
770,m,N.Novgorod region,NaN,0,4.22,intermediate,0,7,88,182,1318884
771,m,Moscow,other,0,4.24,advanced,0,6,30,162,1098796
772,m,other,NaN,0,4.35,upper-intermediate,1,6,16,174,
773,m,Moscow,other,0,4.47,advanced,0,6,135,177,1071358
774,m,Moscow region,NaN,0,3.53,advanced,0,5,607,185,1115156
775,f,Moscow region,NaN,1,4.71,pre-intermediate,0,3,112,161,
776,m,Moscow,other,0,4.06,intermediate,0,8,98,191,1083134
777,m,Tatarstan,NaN,1,4.84,upper-intermediate,0,2,321,179,973998
778,f,Moscow,2,0,4.36,pre-intermediate,1,8,16,175,1151581
779,m,Chuvashiya,NaN,1,4.57,intermediate,0,4,348,176,980432
780,m,other,NaN,0,4.5,advanced,0,4,32,175,1105867
781,m,other,NaN,0,4.25,advanced,0,7,119,179,1236656
782,m,Yaroslavl region,NaN,1,4.87,upper-intermediate,0,2,154,192,
783,m,Krasnodar region,NaN,0,4.69,upper-intermediate,1,5,89,184,1142229
784,m,Krasnodar region,NaN,0,4.61,upper-intermediate,1,5,62,165,1153445
785,m,Moscow,1534,0,3.81,pre-intermediate,1,7,520,186,
786,m,Moscow region,NaN,0,4.38,pre-intermediate,0,6,88,179,1140921
787,m,other,NaN,0,4.11,pre-intermediate,1,6,20,182,1209473
788,m,other,NaN,0,3.53,advanced,0,6,937,176,1121169
789,m,Moscow region,NaN,0,4.2,pre-intermediate,1,6,74,179,1210609
790,m,Moscow region,NaN,1,4.98,upper-intermediate,2,4,37,178,1241183
791,m,other,NaN,0,4.21,pre-intermediate,0,4,145,178,1024380
792,m,other,NaN,1,4.85,intermediate,0,4,228,172,
793,m,other,NaN,1,4.91,advanced,1,3,2,188,
794,m,Moscow,1543,0,4.12,upper-intermediate,0,7,293,183,998334
795,m,Moscow,other,1,4.82,advanced,0,3,97,180,
796,m,Moscow,other,0,4.06,beginner,0,6,291,179,
797,f,other,NaN,0,3.94,pre-intermediate,1,5,2,165,
798,f,Tatarstan,NaN,0,4.2,beginner,0,5,68,172,583666
799,f,Moscow,other,0,4.74,intermediate,0,4,55,173,847625
800,m,Moscow,other,1,4.67,pre-intermediate,0,3,62,185,907644
801,m,Moscow,1543,0,4.08,pre-intermediate,1,7,82,168,1105906
802,m,Moscow,other,0,3.97,upper-intermediate,0,7,85,179,1594998
803,m,Moscow,other,0,4.48,intermediate,2,7,22,177,1316282
804,f,other,NaN,0,3.82,upper-intermediate,0,6,668,161,789339
805,m,Moscow region,NaN,0,4,beginner,0,7,127,186,976856
806,m,Moscow region,NaN,1,4.7,upper-intermediate,0,3,51,172,
807,m,other,NaN,0,4.43,pre-intermediate,0,6,125,174,
808,m,Tatarstan,NaN,0,4.03,upper-intermediate,0,6,198,180,1134023
809,m,Moscow,other,1,4.56,intermediate,2,3,4,190,
810,m,Moscow,other,0,4.41,upper-intermediate,0,6,193,171,
811,f,N.Novgorod region,NaN,0,4.48,beginner,0,6,32,173,619378
812,m,Moscow region,NaN,0,4.23,advanced,0,6,207,187,1325158
813,m,Moscow,1534,0,4.31,intermediate,0,5,232,180,858550
814,m,Moscow region,NaN,1,4.59,upper-intermediate,3,2,7,185,1339815
815,m,Moscow,other,0,4.15,advanced,0,5,196,179,990690
816,m,Moscow,1189,0,4.48,beginner,0,8,89,178,865769
817,m,Moscow region,NaN,1,4.63,advanced,2,4,42,166,1330434
818,m,other,NaN,0,4.18,intermediate,1,7,3,171,1262612
819,m,other,NaN,0,4.39,intermediate,0,6,300,182,1249036
820,m,Moscow,2,0,4.25,upper-intermediate,0,7,65,181,1021333
821,m,Moscow,1543,0,4.34,intermediate,0,7,197,172,1014926
822,m,Moscow,2,0,3.99,intermediate,0,5,127,168,919828
823,m,Moscow region,NaN,0,4.85,beginner,1,6,14,182,1135350
824,m,Chuvashiya,NaN,0,4.05,intermediate,0,8,42,186,
825,m,Moscow,1189,0,3.89,pre-intermediate,0,7,590,186,952751
826,m,Moscow,other,0,4.07,intermediate,0,8,243,186,1098199
827,m,other,NaN,0,3.57,intermediate,2,7,324,168,1715302
828,m,other,NaN,1,4.55,intermediate,1,1,108,177,
829,m,Moscow,2,0,3.94,upper-intermediate,0,6,180,167,
830,m,Moscow region,NaN,0,4.73,intermediate,0,4,49,188,1024204
831,m,Moscow region,NaN,0,4.51,intermediate,2,7,21,186,1811817
832,m,Moscow,other,0,4.54,intermediate,0,7,164,173,941731
833,m,Moscow,2,0,4.38,beginner,0,6,94,171,859077
834,m,Moscow,444,0,4.51,pre-intermediate,0,7,83,170,
835,f,Moscow region,NaN,0,4.14,advanced,0,7,87,174,1065327
836,m,other,NaN,0,4.58,advanced,1,6,11,162,1258228
837,m,other,NaN,0,3.58,advanced,0,7,626,169,
838,m,Tatarstan,NaN,0,4.7,intermediate,0,5,167,188,1073551
839,m,other,NaN,0,3.82,upper-intermediate,0,6,562,178,
840,m,other,NaN,0,4.14,upper-intermediate,0,6,29,180,
841,m,other,NaN,0,3.9,pre-intermediate,1,5,60,161,1165075
842,m,other,NaN,0,4.1,upper-intermediate,0,8,89,171,1212709
843,m,Moscow region,NaN,0,3.17,intermediate,0,7,867,171,1117582
844,f,Bashkortostan,NaN,1,4.57,intermediate,1,3,96,154,
845,f,N.Novgorod region,NaN,0,3.75,intermediate,0,7,728,155,917673
846,m,other,NaN,0,4.69,pre-intermediate,1,7,30,184,1219807
847,m,Moscow,444,1,4.88,upper-intermediate,3,2,2,188,1190533
848,m,Moscow region,NaN,0,4.35,upper-intermediate,1,4,60,177,
849,m,Moscow,other,0,4.26,intermediate,0,4,136,164,1121138
850,f,Moscow,1534,0,4.49,upper-intermediate,0,6,84,161,948643
851,m,Moscow region,NaN,0,3.61,beginner,1,7,390,173,1053585
852,m,Moscow,57,1,4.88,intermediate,2,3,66,189,1111774
853,m,Tatarstan,NaN,0,3.9,pre-intermediate,0,7,175,163,1181266
854,m,Moscow region,NaN,0,4.65,beginner,0,6,33,184,880960
855,m,Moscow region,NaN,0,3.88,upper-intermediate,1,6,220,180,
856,m,Moscow region,NaN,0,4.84,pre-intermediate,2,6,2,185,1293010
857,f,Yaroslavl region,NaN,1,4.68,pre-intermediate,1,3,16,164,922431
858,m,Ekaterinburg region,NaN,0,4.6,upper-intermediate,0,8,192,170,1229542
859,m,Moscow,other,1,4.44,intermediate,0,2,99,186,841377
860,m,Moscow region,NaN,0,4.78,pre-intermediate,0,7,201,176,
861,m,Moscow,57,0,4.05,intermediate,0,5,51,176,901788
862,m,Moscow region,NaN,1,4.96,intermediate,2,3,1,179,1467987
863,f,Moscow,1534,1,4.18,intermediate,2,6,179,167,1207372
864,m,other,NaN,0,4.27,pre-intermediate,1,7,55,181,
865,m,Moscow,other,0,4.87,upper-intermediate,2,5,7,168,1086510
866,m,other,NaN,0,4.1,beginner,0,7,131,182,952431
867,m,Moscow region,NaN,1,4.97,intermediate,0,2,215,183,1013776
868,m,N.Novgorod region,NaN,0,3.98,intermediate,0,6,83,171,1449249
869,m,Moscow region,NaN,1,4.96,pre-intermediate,0,2,139,179,987635
870,m,other,NaN,1,4.52,advanced,1,2,101,179,1182213
871,m,Moscow region,NaN,0,4.09,beginner,0,7,55,172,
872,m,other,NaN,0,3.75,beginner,1,7,471,175,1199599
873,m,other,NaN,0,3.87,upper-intermediate,1,8,231,189,1647944
874,m,Moscow,2,0,4.3,pre-intermediate,2,6,9,191,
875,m,Moscow,2,1,4.7,pre-intermediate,0,2,40,176,863460
876,m,Bashkortostan,NaN,0,4.25,intermediate,1,5,44,181,1158504
877,f,Moscow region,NaN,0,4.47,intermediate,1,5,11,173,961030
878,f,Moscow,1543,0,4.02,advanced,1,8,54,150,1310742
879,m,Moscow region,NaN,0,4.24,upper-intermediate,0,6,67,191,1123423
880,f,Moscow region,NaN,0,3.52,upper-intermediate,0,6,427,161,905456
881,m,Moscow region,NaN,0,4.85,intermediate,1,5,0,180,1351036
882,m,Moscow,other,0,4.73,intermediate,1,6,8,184,1019239
883,f,other,NaN,0,4.37,upper-intermediate,1,7,83,166,
884,m,Moscow region,NaN,0,4.09,advanced,1,6,4,193,1308615
885,m,Moscow,444,0,3.67,intermediate,0,7,728,194,914716
886,m,Moscow region,NaN,0,4.25,upper-intermediate,0,7,95,178,1167809
887,m,Moscow,1534,0,4.8,upper-intermediate,0,6,170,185,
888,m,other,NaN,1,4.85,pre-intermediate,1,5,6,181,1338300
889,m,Moscow,other,0,4.21,upper-intermediate,1,5,65,167,1004158
890,m,other,NaN,1,4.71,upper-intermediate,1,3,51,170,1093433
891,f,Moscow region,NaN,0,3.43,intermediate,0,7,781,163,1002747
892,f,Moscow,57,0,4,pre-intermediate,1,7,69,171,917771
893,m,Tatarstan,NaN,0,4.67,intermediate,0,6,166,154,1125811
894,f,Moscow,other,0,4.49,beginner,0,6,127,169,742424
895,m,Moscow,444,0,4.04,intermediate,0,6,10,174,945787
896,f,Moscow region,NaN,0,4.67,upper-intermediate,0,6,141,156,864871
897,m,other,NaN,0,4.47,upper-intermediate,0,6,55,178,1098805
898,m,Moscow region,NaN,0,4.26,intermediate,0,7,181,185,1145977
899,m,Moscow,444,0,4.02,upper-intermediate,0,6,178,173,929549
900,m,Moscow,57,0,4.45,upper-intermediate,2,6,33,182,1005074
901,m,Moscow,2,1,4.94,beginner,0,3,154,173,1147224
902,m,Moscow,57,0,3.59,pre-intermediate,1,8,154,189,
903,m,other,NaN,0,4.41,upper-intermediate,0,6,124,161,
904,m,Moscow,2,0,3.86,beginner,0,7,891,166,787402
905,m,Moscow,other,0,4.72,intermediate,1,8,37,181,1235183
906,f,Novosibirsk region,NaN,0,4.67,upper-intermediate,0,5,205,163,843710
907,f,other,NaN,0,4.53,intermediate,0,6,175,177,895508
908,m,Moscow,1189,0,3.82,advanced,0,6,698,184,1009236
909,m,Moscow region,NaN,0,4.51,upper-intermediate,1,7,43,181,
910,m,Moscow,other,0,4.13,beginner,1,5,9,166,
911,m,Krasnodar region,NaN,0,4.64,upper-intermediate,1,7,27,171,1286486
912,m,other,NaN,1,3.78,pre-intermediate,1,7,339,197,
913,m,Moscow region,NaN,0,3.7,upper-intermediate,0,7,636,185,1097398
914,m,N.Novgorod region,NaN,0,3.89,intermediate,1,7,442,168,
915,m,Moscow region,NaN,0,4.02,upper-intermediate,0,7,76,178,1146924
916,m,Moscow,other,0,4.26,upper-intermediate,1,7,110,171,1056129
917,m,Moscow region,NaN,1,4.74,intermediate,1,2,44,177,1106583
918,m,other,NaN,1,4.96,upper-intermediate,2,3,137,185,1264983
919,m,Moscow,1543,0,4.6,intermediate,2,4,15,173,1050247
920,m,Moscow,2,0,3.64,beginner,0,7,713,176,655810
921,m,Tatarstan,NaN,1,4.87,pre-intermediate,0,3,87,160,1011202
922,m,other,NaN,0,3.71,upper-intermediate,1,7,613,176,1277759
923,m,Moscow,other,0,3.56,pre-intermediate,0,6,556,180,867614
924,m,Moscow,57,0,4.77,intermediate,1,6,72,182,948789
925,m,Yaroslavl region,NaN,0,4.24,intermediate,0,5,146,183,
926,m,Krasnodar region,NaN,0,4.89,pre-intermediate,1,5,42,187,1153820
927,m,Yaroslavl region,NaN,1,4.66,intermediate,2,3,36,179,1479362
928,m,other,NaN,1,4.58,upper-intermediate,1,3,12,175,1124609
929,m,Moscow,1534,1,4.91,advanced,1,2,106,194,1145579
930,m,Moscow,57,0,4.34,upper-intermediate,0,5,46,183,791803
931,f,other,NaN,0,3.89,pre-intermediate,1,6,132,165,
932,m,Krasnodar region,NaN,0,3.23,advanced,0,8,202,173,1324525
933,m,Moscow region,NaN,0,4.56,upper-intermediate,0,4,164,193,1001737
934,m,other,NaN,0,4.12,upper-intermediate,0,6,51,175,1088584
935,m,other,NaN,0,4.56,upper-intermediate,0,8,32,183,1245323
936,m,Moscow,other,0,4.21,pre-intermediate,0,6,177,184,942127
937,m,Moscow region,NaN,0,3.97,pre-intermediate,0,7,61,197,1144135
938,f,Moscow region,NaN,1,4.77,advanced,0,1,299,164,888239
939,m,Moscow,other,0,4.21,advanced,1,7,68,179,1216328
940,m,other,NaN,0,3.98,advanced,0,7,159,179,1282894
941,m,Moscow,444,0,4.46,beginner,0,6,114,184,
942,m,Moscow region,NaN,1,4.65,intermediate,1,3,16,178,1121984
943,m,Moscow region,NaN,0,4.74,upper-intermediate,1,5,119,181,1149992
944,m,Novosibirsk region,NaN,1,4.92,upper-intermediate,2,3,131,172,1203646
945,f,Moscow,other,0,3.73,beginner,0,5,865,153,
946,m,Moscow,1543,1,4.97,intermediate,0,1,198,178,
947,m,Moscow,57,1,4.88,pre-intermediate,1,5,14,184,927020
948,m,Moscow,57,0,3.43,pre-intermediate,0,6,579,171,800541
949,m,Moscow,other,0,4.15,intermediate,0,7,51,179,1012641
950,m,Moscow,57,0,4.01,intermediate,0,5,25,171,
951,m,Moscow region,NaN,0,4.39,pre-intermediate,0,5,34,176,1053122
952,m,Ekaterinburg region,NaN,0,4.75,upper-intermediate,2,6,25,184,
953,m,Moscow,2,0,3.99,upper-intermediate,0,7,312,169,1006795
954,m,Moscow,other,0,4.45,upper-intermediate,1,8,11,179,1185070
955,m,other,NaN,0,3.75,intermediate,0,6,850,170,960513
956,m,Moscow region,NaN,0,3.99,upper-intermediate,1,8,53,176,1346412
957,m,other,NaN,1,4.35,upper-intermediate,1,3,33,191,1114073
958,m,Chuvashiya,NaN,1,4.83,upper-intermediate,0,3,261,169,
959,m,Moscow,1189,0,4.69,upper-intermediate,1,6,27,181,1028377
960,m,Moscow,1543,0,3.82,intermediate,0,8,820,168,1035373
961,m,Moscow,2,0,4.09,intermediate,0,7,121,182,1027929
962,m,Bashkortostan,NaN,1,4.78,intermediate,1,1,27,181,1117709
963,m,Moscow region,NaN,0,4.85,intermediate,0,4,67,173,2354780
964,f,Moscow region,NaN,0,4.07,advanced,1,7,39,169,1111652
965,m,Moscow,1534,0,4.72,intermediate,1,5,117,177,1033529
966,f,other,NaN,0,4.45,beginner,0,7,154,168,733737
967,m,Moscow,other,0,4.05,pre-intermediate,0,6,58,180,893027
968,f,Yaroslavl region,NaN,0,4.52,beginner,0,6,178,174,703090
969,f,Tatarstan,NaN,0,4.03,pre-intermediate,0,6,107,165,1189707
970,m,Tatarstan,NaN,1,4.83,pre-intermediate,0,3,100,183,1136697
971,m,Moscow,54,0,3.72,pre-intermediate,0,5,870,194,
972,f,other,NaN,0,4.3,intermediate,0,4,92,153,815067
973,f,Moscow,1534,0,3.85,upper-intermediate,0,7,954,164,889003
974,m,Moscow,other,0,4.15,intermediate,1,6,101,207,1041914
975,f,Moscow,other,0,4.74,pre-intermediate,0,6,66,159,
976,m,Bashkortostan,NaN,0,4.59,upper-intermediate,0,5,98,183,1033771
977,m,Moscow region,NaN,1,4.87,pre-intermediate,0,3,112,181,1020877
978,f,Moscow,1189,0,4.34,intermediate,1,7,20,155,1127575
979,f,Krasnodar region,NaN,0,3.86,advanced,1,7,48,164,1166809
980,m,Tatarstan,NaN,0,3.61,pre-intermediate,0,7,592,187,1621628
981,m,Moscow,other,1,4.85,intermediate,1,3,28,176,1019141
982,m,Yaroslavl region,NaN,1,4.15,upper-intermediate,0,5,155,162,
983,m,other,NaN,0,4.34,upper-intermediate,0,6,158,174,965230
984,m,Moscow region,NaN,0,4.28,upper-intermediate,0,6,357,172,1111110
985,f,Bashkortostan,NaN,0,4.38,intermediate,0,6,242,173,949245
986,m,other,NaN,0,3.99,upper-intermediate,0,6,150,181,1167175
987,m,Moscow,1534,1,4.76,upper-intermediate,0,3,161,170,
988,m,Krasnodar region,NaN,0,3.79,pre-intermediate,2,5,634,187,1171937
989,m,Moscow,1543,1,4.52,intermediate,0,3,116,185,873911
990,m,Moscow region,NaN,1,4.77,upper-intermediate,1,2,22,180,
991,m,Moscow,other,0,3.96,intermediate,0,6,118,180,954815
992,m,Moscow,1543,0,4.57,beginner,1,7,29,178,922494
993,f,Moscow,other,1,4.62,intermediate,0,3,214,172,845207
994,m,Moscow,57,0,4.37,beginner,0,6,67,180,650807
995,m,Moscow,57,0,4.51,intermediate,3,6,40,169,1144126
996,m,other,NaN,0,4.02,intermediate,0,7,98,176,1110443
997,m,Moscow,other,0,4.49,advanced,0,4,290,177,936689
998,m,other,NaN,1,4.64,beginner,1,3,7,180,917125
999,m,other,NaN,1,4.96,intermediate,1,3,99,171,1124637
